以下哪家是众筹平台？,财付通,余额宝,陆金所,大家投,D
以下哪项属于众筹项目？,现金宝,娱乐宝,掌柜钱包,168理财,B
众筹项目面对的主要人群是哪个？,网友,退休职工,个体户,国企员工,A
众筹最早出现在哪个国家？,英国,美国,中国,澳大利亚,B
国内众筹平台是哪年开始出现的？,2010年,2008年,2011年,2012年,C
国内最早出现的众筹平台是哪家？,点名时间,天使汇,大家投,创投圈,A
以下哪项属于众筹的特征？,高门槛,单一性,依赖大众力量,回报稳定,C
以下哪项不属于众筹的三个基本要素？,发起者,支持者,平台,PE,D
以下哪项属于投资众筹模式？,回报众筹,购买众筹,股权众筹,团购产品,C
以下哪项不属于众筹模式？,投资模式,购买模式,债权模式,购买基金,D
以下哪项不属于成功众筹流程中的一环？,撤回资助,项目匹配,募集资金,实施项目,A
以下哪项属于回报众筹项目？,极路由,团购,厂家预售,定制,A
以下哪家属于回报众筹？,点名时间,天使汇,大家投,微公益,A
以下哪家属于股权众筹？,天使汇,点名时间,微公益,追梦网,A
以下哪家不属于回报众筹？,点名时间,微公益,追梦网,众筹网,B
以下哪家属于捐赠众筹？,微公益,点名时间,追梦网,创投圈,A
以下哪项不属于众筹的三大特征？,低门槛,多样性,依赖大众力量,回报稳定,D
以下哪个不属于众筹发展的趋势？,平台专业化,投资本土化,企业众筹,平台减少,D
众筹模式在国内面临的独特风险不包括以下哪项？,回报不稳定,非法集资,知识产权的保护,信用环境差,A
全球第一家众筹平台成立于哪一年？,2009年,2007年,2011年,2012年,A
全球第一家众筹平台在哪个国家成立？,美国,中国,英国,加拿大,A
全球首家众筹平台叫什么？,Kickstarter,点名时间,大家投,创投圈,A
（　　）成为各种项目国政府对众筹融资进行监管的重要措施。,《金融监管法案》,《促进创业企业融资法案》,《美国众筹融资法规》,《关于筹融资监管现行规定》,B
以下关于众筹和P2P的描述错误的是（　　）。,都是平台式的商业模式,都通过网络平台对接募资方和投资方,都为了找到广大的投资用户群体,回报方式都是利息收益,D
以下哪一项不是中国众筹模式成功的要素？,形成众筹的参与者标准,融入强链接或强化弱链接,建立价值保障体系,基本上没有风险,D
下面哪一项不是众筹在中国的风险？,被认为是非法集资的风险,知识产权的保护,竞争对手的风险,信用环境差,C
关于众筹经济发展描述错误的是（　　）。,大型企业可通过众筹筹集资金,小型企业与众筹供给条件非常匹配,捐赠和无息众筹获得慈善企业的支持,个人捐赠或贷款成为成功融资的契机,A
以下关于现场众筹描述错误的是（　　）。,能吸引媒体注意，创造巨大的市场机会,能帮投资者获得网络所不能实现的排他性,成功的概率更高,能当场参与以捐赠和报酬为基础的众筹活动,C
关于众筹的参与者描述正确的是（　　）。,参与者是没有任何门槛的,合适的参与者越多越好,参与者越多生意会做得越好,如果设有门槛则会让很多人无法参与众筹,B
众筹降低了（　　）门槛。,创业,获得VC投资,打入市场,制造出产品,A
众筹除了能获得资金，还能获得（　　）。,市场调查报告,VC认可,消费者认可,渠道,A
下列哪项不属于众筹的优点？,降低创业门槛,降低创业风险,良好的展示平台,易获得VC投资,D
下列哪项不属于众筹的缺点？,造成了生产压力,缺乏创业指导,投资人不够专一,良好的展示平台,D
下列哪项不是众筹相比传统VC的缺点？,缺少行业人脉和观察积累,缺少统一、有建设性的建议,缺少推广经验,降低创业门槛,D
之所以说众筹是不错的广告平台，是因为众筹（　　）。,融资过程中项目获得了展示,降低创业门槛,降低创业风险,易获得VC投资,A
众筹生产压力体现在哪？,在规定时间内完成产品的开发与制造,获得VC投资,打入市场,创业,A
以下哪个因素是用来评价众筹平台表现的？,投资回报,市场分工,按产业与项目分类,专业,A
众筹平台选择特定方向的原因是什么？,建立一个特定投资人可以反复投资的平台,降低创业门槛,降低创业风险,消费者认可,A
企业众筹对众筹平台的影响是什么？,吸引了额外的资金,降低创业门槛,良好的展示平台,易获得VC投资,A
截止2015年底，全国正常运营的众筹平台达（　　）家，全国众筹平台分布在（　　）个省份。,303，12,303，21,121，33,121，12,B
业界普遍认为（　　）是“众筹元年”，平台数量急剧攀升，众筹模式、产品也在不断创新。,2015年,2016年,2014年,2002年,B
众筹投资与传统理财的区别不包括（　　）。,安全性,增值性,风险性,大众性,C
众筹投资与私募股权投资的区别不包括（　　）。,投资规模起点不同,投资决策主体不同,动机不同,风险收益水平不同,C
防范众筹模式法律风险应当做到（　　）。,相信宣传,关注收益,选择有信誉的众筹平台、严格审核筛选,盲目投资,C
投资人在进行众筹投资的过程中没有第三方的公司提供相关权益问题的担保责任，以上指的是（　　）。,股权众筹,有担保的股权众筹,无担保股权众筹,债权众筹,C
国内第一个做股权众筹的案例是（　　）。,袋鼠物流项目,美微淘宝卖股权,京东众筹项目,果树财富项目,B
国内第一个做有担保股权众筹的案例是（　　）。,美微淘宝卖股权,京东众筹项目,袋鼠物流项目,果树财富项目,C
消费众筹的定位就是（　　）。,投融资的信息服务平台,投融资的借贷服务平台,消费者维权的信息服务平台,古玩交易的信息服务平台,A
众筹融资，要注意规避（　　）等三种法律风险,刑事、军事、民事,刑事、行政、民事,政事、军事、民事,政事、刑事、民事,B
以下哪项产品是属于影视众筹（　　）。,天天利,余额宝,娱乐宝,天弘基金,C
众筹失败的原因不包括（　　）。,产品特点讲解笼统,产品设计的错位,未解决用户关心问题,产品做工品质精良,D
以下不是现代化众筹的具备的条件的是（　　）。,去中心化,内生需求, 参与感 ,非社交化,D
（　　）是众筹的基础。,资金,社交,需求,供需,B
当前众筹概念的火爆与（　　）都有着密不可分的关系。,社群网络化,信用监督完善,网络支付手段便捷,A、B、C都是,D
（　　）是众筹概念开始繁盛的最重要原因，是众筹得以平民化的优秀土壤。,社交网络的普及,信用监督完善, 人人参与感增强 ,产品做工品质精良,A
以下哪项是第三方支付的重要监管法规？,《非金融机构支付服务管理办法》,《电子银行业务管理方法》,《促进创业企业融资法案》,《第三方支付有关规定》,A
哪一年央行出台《非金融机构支付服务管理办法》规范了第三方支付，专门对第三方支付企业管理？,2009年,2010年,2011年,2012年,B
哪一年银行业开始初步尝试“触网”，开展网上银行和电商业务？,1993年,1994年,1995年,1996年,C
据中国人民银令〔2010〕第2号《非金融机构支付服务管理办法》第三条规定：“未经中国人民银行批准，任何非金融机构和个人不得从事或变相从事（　　）”。,网上金融,支付业务,信贷业务,借贷业务,B
根据《第三方电子商务交易平台服务规范》，平台经营者在制定、修改业务规则和处理争议时应当遵守公正、公平、（　　）的原则。,私密,公开,封闭,保守,B
目前，第三方支付存在的最关键的问题是（　　）。,技术问题,安全问题,成本问题,观念问题,B
目前国内比较畅销的第三方支付平台是（　　）。,支付宝,财付通,168理财网,快钱,A
消费者在淘宝网进行的电子商务交易模式属于（　　）。,B2C,B2G,B2B,C2C,D
在支付全过程的两个层次中，既参与支付服务系统的活动，也参与支付资金清算系统的活动的是（　　）。,商业银行,客户,中央银行,人民银行,A
网上交易的安全性是由谁来保证的？,厂家,认证中心,银行,信用卡中心,B
电子支付是指电子交易的当事人，使用安全电子支付手段，通过（　　）进行的货币支付或资金流转。,网络,开户银行,发卡银行,中介银行,A
国内最早的第三方支付是（　　）。,支付宝,168理财网,快钱,易支付,D
国内各类型的第三方支付企业中，拥有大用户群且背靠强大互联网资源的企业有（　　）。,财付通,168理财网,易宝支付,汇付天下,A
以下哪种操作在支付宝帐户关闭余额支付功能后仍可进行?,给他人的支付宝帐户转帐优酷,直接通过支付宝支付购买商品的货款,给自己的另一个支付宝帐户转帐,提现到绑定的银行对公帐号上,D
财付通是由哪一个公司创办的第三方在线支付平台？,阿里巴巴,腾讯,百度,168理财网,B
关于支付宝转账的形式有几种？,1种,2种,3种,4种,B
汇付天下有限公司成立于哪一年？,2005年,2006年,2007年,2008年,C
汇付天下pos业务办理需要几天完成所有申请流程？,1天,2天,3天,4天,A
快钱信用卡还款到账时间最长是几天？,1天,2天,3天,4天,C
支付宝属于（　　）。,网上商城,物流机构,第三方支付平台,金融机构,C
第三方支付的利润来源，下列说法错误的是哪一个？,手续费收入,靠收取款项滞留时间赚取的存款利息,佣金收入,对B2C交易中的公司收费,C
下列（　　）属于第三方支付结算方式中的分步支付方式。,钞票结算,票据结算,汇转结算,信用证结算,D
第三方支付平台的支付手段多样且灵活，以下（　　）方式不能进行支付？,网络支付,电话支付,手机短信支付,现金支付,D
在通过第三方平台的交易中，买方选购商品后，以下说法错误的是（　　）。,钱先打到第三方支付平台的银行账户,第三方支付平台通知卖家货款到达、进行发货,买方检验物品后，就可以通知付款给卖家,买方收到货后不满意，不能直接退款,D
关于第三方支付交易流程描述错误的是哪一个？,客户先直接将钱款打到卖家的银行账号户上,第三方支付平台将客户已经付款的消息通知商家，并要求商家在规定时间内发货,商家收到通知后按照订单发货,客户收到货物并验证后通知第三方,A
第三方支付的优势以下说法错误的是哪一个？,第三方支付模式有效的保障了交易各方的利益,对商家而言，通过第三方支付平台不会遭遇无法收到客户货款的风险,对客户而言，货物质量在一定程度上也有了保障。,对银行而言，通过第三方平台银行可以不断扩展业务范畴,B
以下第三方支付公司提供的支付工具哪一个是错误的？,阿里巴巴的“支付宝”,首信的“易支付”,汇付天下的“汇富通”,腾讯的“财付通”,C
关于“第三方支付包括哪些内容”说法错误的是哪一个？,网络支付,预付卡的发行 受理,银行卡收单,网上充值,D
中国国内的第三方支付产品用户数量最大的是哪一个平台？,支付宝,168理财网,易趣,汇付天下,A
依托自身的电子交易网站建立了自己的支付平台是哪一家？,易趣,快钱,易宝支付,168理财网,A
第三方支付业务模式中，属于独立的第三方网上支付平台是哪一家？,淘宝,168理财网,易趣,快钱,D
中国银联旗下的电子支付平台是哪一家？,ChinaPay, PayPal,Yeepay,Gopay,A
第三方支付与网银支付相比，下列选项描述正确的是哪一项？,用户使用第三方支付平台可直接申请支付账号,用户付款成本较低，不受时间限制,商户开通一家第三方支付平台，只能对接用户一张银行卡,主流信用卡对第三方网付交易金额没有限制，大额支付很方便,B
第一个提出第三方支付平台是谁？,马云,杰夫・贝索斯,约翰・多纳霍,李国庆,A
中国网上支付元年是哪一年？,2003年,2004年,2005年,2006年,C
下列（　　）属于第三方支付结算方式中的分步支付方式。,钞票结算,票据结算,汇转结算,信用证结算,D
以下哪一项不是第三方支付服务商的特点。,支付中介,技术中间件,信用保证,接口程序,D
当前国内主要的第三方支付工具不包括（　　）。,财付通,安付通,支付宝,蚂蚁花呗,D
主要的电子支付工具不包括（　　）。,电话,电子信用卡,电子支票,电子货币,A
下列支付方式中，适合小额网上支付的是？,数字信用卡,电子现金,电子支票,现金,B
手机支付与移动支付的区别在于所用的（　　）不同。,成本 ,价格,终端,支付网关,C
目前国内第三方支付公司中，下述（　　）的用户规模最大。 ,支付宝,银联,首信易,易宝,A
网上支付系统的基础设施是（　　）。 ,电子货币,金融电子化网络,网络安全认证机构,电子化机具,B 
网上交易的安全性是由谁来保证的（　　）。,厂家,认证中心,银行,信用卡,B 
P2P（网络信贷）起源于（　　）。,美国,英国,德国,意大利,B
P2P是英文（　　）的缩写。,people to people,peer to peer,person to person,point to point,B
在我国，最早的P2P网贷平台成立于（　　）。,2004年,2005年,2006年,2007年,C
以下不属于P2P网络借贷运营模式是（　　）。,单纯中介型,复合中介型,复合中介兼公益性,公益性,D
P2P 网络借贷的收益来源不包括（　　）。,借款协议中约定的回款,违约金和罚息,滞纳金和其他费用,定金,D
P2P网络借贷中个人投资者不会面临的风险是（　　）。,政策风险,企业风险、技术风险,违约风险、流动性风险,人才流失风险、行业波动风险,D
对于P2P网络借贷中经济犯罪防控对策，说法错误的是（　　）。,重视管理，及时干预市场经济的自循环体系。,加快制定、完善相关法律法规。,建立行之有效的用户识别机制。,加强网络安全建设。,A
下列哪个不属于P2P网络借贷中经济犯罪发生的类型？,主体定位不明确，游走在灰色地带。,资金来源无法核实，为洗钱犯罪提供便利。,利用政策漏洞打擦边球,借款人征信核实体系不健全，诈骗犯罪时有发生。,C
关于P2P网络借贷平台的特点理解错误的是（　　）。,投资门槛高投资收益不稳定,投资期限可自由规划,系统风险是网贷投资的主要风险,系统风险表现为信用风险,A
以下选项哪一个是国内P2P网络借贷平台的主要模式？,垫付本金的中介平台,不垫付本金的平台,线下面对面完成所有手续,线上直接进行,D
P2P网络借贷平台起源于下列哪个国家？,日本,美国 ,中国,法国,B
P2P网络借贷平台壮大于下列哪个国家？,德国,瑞士,英国,美国,C
我国P2P网络借贷中特色：“拆标”会最终引发（　　）。,网络危机,经济危机,金融危机,流动性危机,D
（　　）是我国P2P网贷平台的特色。,拆标,标会,竞标,中标,A
我国P2P网贷平台的贷款人主要是（　　）。,个人消费者,企业机构,政府,非盈利型组织,B
发达国家P2P网贷平台的贷款人主要是（　　）。,个人消费者,企业机构,政府,非盈利型组织,A
P2P涉及非法集资的红线不包括：（　　）。,平台不得提供担保,平台不得归集资金搞资金池,平台不得非法吸收公众存款,平台不得承诺超高收益,D
宜信运用的是什么模式？,典型线下模式,线上模式,有第三方担保,有第三方资金托管,A
我国P2P网贷平台的领军企业是（　　）。,人人贷,168理财网,宜信,陆金所,C
央行规定了P2P 网络借贷涉嫌非法集资的红线有几条。,二条,三条,四条,五条,B
P2P网贷平台的平台模式包括（　　）。,是否担保,业务类型,技术安全性,是否透明及盈利模式,C
P2P 网络借贷一般来说是（　　）的。,不保本,保本,收益稳定,风险小,A
P2P网络借贷平台的发展的条件最重要的是（　　）。,行业自律,政府监管到位,国家层面有完善的征信体系,市场充分竞争,C
以下为p2p网络借贷平台定义的是（　　）。,p2p借贷与网络借贷相结合的金融服务网站,p2p借贷的网站,网络借贷的网站,金融服务网站,A
国内的P2P网贷正处于什么阶段？,成熟阶段,衰退阶段, 初步发展阶段,引入阶段,C
P2P网贷模式的雏形，即全球第一家p2p网贷平台，也是最大的网络信贷平台是（　　）。,Zopa,Lending Club,Prosper,Funding Circle,A
对p2p网络借贷监管的核心理念不包含（　　）。,准入放开,活动留痕,事后追责,注重自律,D
下列选项中，对P2P网络贷款实施的常见监管措施不包括（　　）。,准入监管,风险监管,运营监管,信息监管,B
评价一个p2p网贷平台的信誉度，主要看其（　　）。,平台成立的时间,是否有第三方担保公司,对于项目的信息披露的完整度,是否实现盈利,C
若要甄选出优秀的P2P网贷平台，需要考察的内容不包括（　　）。,公司整体发展规模,整个业务交易的透明度,平台自身的风险控制能力,投资收益的周期,D
p2p网贷的流程不包括（　　）。,认证,记账,担保,清算和交割,C
作为p2p网贷平台模式的一种，金融机构信用+担保机构担保模式，它的优点不包括（　　）。,金融机构强大的背景在一定程度上是种隐性担保,成熟的风控体系在审查借款人方面也会更加严格,有效杜绝虚假标,收益率高,D
对于P2P网贷平台运营成功法则说法错误的是（　　）。,开发建设透明的p2p网贷平台,提高平台从业者素质,培养扎实的p2p网贷平台开发技术团队,持续开发自身平台新亮点，功能创新,A
目前，被认为是我国p2p网贷平台中比较突出的问题，也是被明令禁止的是（　　）。,无第三方托管,收益普遍承诺较高,搞资金池,P2P网贷公司的合法性,C
P2P监管细则规定，开展网络借贷信息中介业务的机构，其机构名称中应当包含（　　）字样。,P2P借贷信息中介,网络借贷信息中介,P2P借贷信息,网络借贷信息,B
P2P监管细则再次明确（　　）是P2P平台的资金存管机构。,银行,证券,保险,企业,A
P2P监管细则规定，实施负面清单制度，体现了监管层对网络借贷行业（　　）的监管态度,适度包容,鼓励,支持,完全包容,A
P2P监管细则提出P2P平台在领取营业执照后，需要向（　　）个监管部门进行备案。,1,3,4,2,D
P2P监管细则要求网络借贷应以（　　）为主。,大额分散,小额集中,小额分散,大额集中,C
P2P监管细则明确规定P2P平台不得通过（　　）获取、吸收投资资金。,线下网点,网络平台,机构,个人,A
不符合规定的P2P平台整改期不得超过（　　）个月。,6,12,18,24,C
国内首家互联网银行是（　　）。,前海微众银行,蚂蚁金融银行,温州民商银行,天津金城银行,A
通常我们所称的互联网元年指的是哪一年？,2011年,2012年,2013年,2014年,C
国内互联网+概念首次是由谁提出的（　　）。,习近平,李克强  ,马云,于扬 ,D
 互联网金融有很多的优势，如低成本、节省劳动力以及（　　）。,回报快,风险大,低风险,利润大,D
互联网金融门户的核心本质是（　　）。,搜索+比价,资讯浏览,知识传播,金融营销,A
互联网金融相比较传统的金融，最大最直接的优势是（　　）。,收益高,方便快捷,风险低,品类多,B
互联网金融门户最大的价值就在于（　　）。,理财产品研发,渠道价值,服务便民,理财产品推广,B
不属于现阶段互联网金融门户的主要收入来源的是（　　）。,佣金,抽成,推荐费,广告费,B
金融产品过度泛滥带来了（　　）的问题，直至互联网金融门户产生才得以解决了。,营销困难,信息过剩,成本高,竞争激烈,B
风险分配应当遵循（　　）标准。,原因说,公平说,预防说,全选,D
自融风险包括（　　）。,非法集资,非法吸收公众存款,非法资产证券化,全选,D
互联网金融技术风险的另一种表现形式是（　　）。,技术选择风险,管理安全性风险,流动性风险,政治环境风险,A
互联网金融监管要严守（　　）红线不能突破。,非法集资的红线,吸收公众存款的红线,诈骗的红线,全选,D
目前我国的互联网金融尚处于（　　）。,初级阶段,中级阶段,高级阶段,中高级阶段,A
（　　）年6月4日，中国人民银行发布《非金融机构支付服务管理办法》。,2009,2010,2011,2012,B
（　　）年8月23日，银监会发布《关于人人贷有关风险提示的通知》。,2009,2010,2011,2012,C
（　　）年，央行对P2P网络借贷行业非法集资行为进行了清晰的界定。,2010,2011,2012,2013,D
中国人民银行发布《网上银行业务管理暂行办法》在（　　）年被废止。,2005,2006,2007,2008,C
（　　）年1月26日，中国银监会颁布《电子银行业务管理办法》。,2005,2006,2007,2008,B
互联网金融具有信息记录和信息处理的核心特征，能（　　）交易成本。,大幅增加,大幅降低,小幅减少,小幅增加,B
（　　）年银行业开始初步尝试“触网”，开展网上银行和电商业务。,1993年,1994年,1995年,1996年,C
下列不属于银行业的金融工具的是（　　）。,定期和活期存款单,国债,汇票,本票,B
金融法律关系的客体是指（　　）。,金融业,金融市场,金融工具,金融体系,C
我国首次承认电子签名法律效力的法律法规是（　　）。,电子签名法,合同法,电子签章条例,电子签名示范法,B
下列不属于“支付命令错误”的是（　　）。,支付命令认证错误,支付命令的表述错误,支付命令的错误执行,错误的支付命令,A
庞氏骗局是属于P2P网络借贷行业的（　　）行为。,非法存款,诈骗,非法集资,炒作,C
互联网银行的重要监管法规是（　　）。,《促进创业企业融资法案》,《非金融机构支付服务管理办法》,《网上银行业务管理暂行办法》,《电子银行业务管理办法》,D
互联网金融产品也面临哪些重要风险？,信用违约风险,期限错配风险 , 最后贷款人风险,全选,D
法律风险目前互联网金融行业尚处于（　　）状态。,无门槛,无标准,无监管 ,全选,D
下列各项中，不属于网络保险的业务内容是（　　）。,得到报价,产品信息,网上委托,网上理赔,C
由于现阶段网络保险发展还处于起步阶段，下列各项中，不构成网络保险的优势的是（　　）。,交易虚拟化,一对一 ,是更安全的保险方式,时效性 ,C
网络金融的业务风险主要来自操作风险、市场信息风险、信誉风险和（　　）。,支付风险,信用风险,网络硬件和软件风险,法律风险,D
目前网络证券交易的方式主要有通过IT公司的网站提供服务方式、券商自建网站提供服务方式以及（　　）提供服务的方式三种。,券商和期货经济公司联合建设网站,卷商与银行合作提供服务方式,自助模式,券商和证券交易所联合建设网站,B
下列各项中，不属于网络保险的优势的是（　　）。,简化交易，降低保险公司的经营成本,提高了投保人的投保效率,能有效地规避保险业务中的道德风险问题,免除传统中介，为客户创造和提供优势服务,C
企业与企业之间的电子商务叫做（　　）电子商务。,E2E ,B2B,C2C ,F2F,B
互联网金融门户是（　　）。,是一个金融垂直搜索平台,核心本质就是“搜索+比价”的模式,是提供金融产品的网站,是垂直网站的统称,B
下面哪个不属于互联网金融门户网站？,好贷网,陆金所,168理财网,融360,D
互联网金融门户网站定义下面哪个是正确的？,采用金融产品垂直搜索方式，将各家金融机构的产品放在平台上，用户通过将各种金融产品的价格、特点等进行对比，自行挑选合适的金融服务产品。,采用垂直搜索方式，将各家金融机构的产品放在平台上。,采用金融产品垂直搜索方式，用户通过将各种金融产品的价格、特点等进行对比，自行挑选合适的金融服务产品。,将各家金融机构的产品放在平台上，用户通过将各种金融产品的价格、特点等进行对比，自行挑选合适的金融服务产品。,D
下面哪个属于互联网金融模式？,第三方支付,网贷,大数据,金融机构,A
下面哪个不属于互联网金融模式？,金融机构,P2P网络贷款平台,众筹,大数据金融,A
下面哪个不是互联网金融的风险？,比传统金融行业风险大,整个社会信用环境缺失，产业发展环境还不完善,金融市场环境还不完善,互联网金融创新太慢,D
P2P网贷类门户的定位是（　　）。,P2P网贷类门户仅仅聚焦于P2P网贷行业，并涉及银行等金融机构的传统信贷业务,P2P网贷类门户与P2P网贷平台存在本质上是相同的,P2P网贷类门户的核心定位是P2P网贷行业的第三方资讯平台，是P2P行业的外围服务提供商，通过为投资人提供最新的行业信息，并为其搭建互动交流平台,P2P网贷类门户是通过P2P网贷公司搭建的第三方互联网平台进行资金借、贷双方的匹配，是一种“个人对个人”的直接信贷模式,C
关于互联网金融信贷类门户的说法错误的是（　　）。,信贷类门户定位是信贷产品的垂直搜索平台,将传统的线下贷款流程以及信贷产品信息转移到网络,初步实现了信贷业务流程在线化,可线上自助式购买,D
关于互联网金融信贷类门户运营模式说法正确的是（　　）。,参与借贷双方的交易,在做自己的信贷产品,客户可以搜索到不同金融机构的信贷产品，并通过各类产品间的横向比较，选择出一款适合自身贷款需求的信贷产品,设计了简明的信贷产品搜索框，其中只包括贷款类型、贷款金额以及贷款期件,C
关于互联网金融理财类门户与信贷类门户的说法错误的是（　　）。,都是独立第三方支付模式,本质都是垂直搜索平台,都是线上线下结合的模式,都存在一定的风险,B
关于互联网金融理财类门户的盈利模式说法错误的是（　　）。,主要以广告费和推荐费为主,其盈利模式的关键在于流量,盈利模式多样性,将流量引导到供应商完成整个现金化过程是理财类门户稳定收入来源的重要保证。,C
互联网金融模式的法律风险有哪些？,存在创新慢的风险,信息安全风险，个人信息易遭泄露,征信系统不完善，可能引发的违约风险,“洗钱”风险不可避免,A
网络诈骗是犯罪行为主体以（　　）为目的，骗取数额较大的公共财产的行为。,非法占有,网络赌博,社会危害,犯罪客体 ,A
手机（　　）已经成为最新的诈骗方式。,木马短信,软件,语音,红包,A
据公安部门统计，近几年来，电信咋骗案件以每年（　　）的速度增长。,5%-10%,10%-20%,20%-30%,30%-40%,C
"（　　）,打击治理电信网络新型违法犯罪工作部际联席会议第一次会议召开。",2015年9月9号,2015年10月9号,2015年11月9号,2015年12月9号,B
电信网络新型犯罪特点是（　　）。,空间跨度小、作案花样多、犯罪危害大,空间跨度大、作案花样少、犯罪危害大,空间跨度小、作案花样少、犯罪危害大,空间跨度大、作案花样多、犯罪危害大,D
2015年10月30日，国家部署自2016年1月1日起开展为期（　　）的打击治理电信网络新型违法犯罪专项行动。,1个月,3个月,半年,一年,C
（　　）是指犯罪分子通过电话、网络和短信方式，编造虚假信息，设置骗局，对受害人实施远程、非接触式诈骗，诱使受害人给犯罪分子打款或转账的犯罪行为。,电信诈骗,手机诈骗,虚拟诈骗,网络诈骗,A
某日，您手机收到了一条告知您的网银需要升级的短信，您应该怎么办？,马上按照短信要求进行升级点击短信中的链接先看一看,给对方回复电话咨询,拨打银行官方电话进行核实,回复短信看看有什么回复,C
收到诈骗短信、垃圾短信和不良信息时，可以通过五大渠道短信或电话进行投诉和举报，下面选项哪个不属于五大渠道？,中国移动、中国联通,公安机关报警、中国电信,工业和信息化网络不良受理中心,中国国家安全部,D
以下哪个选项不是投诉和举报的电话号码？,10086,10000,110,12580,D
以下五大渠道哪个选项不是投诉和举报的短信号码？,10010,1008699,12110,95599,D
短信息服务提供商在开展信息订阅、短信竞猜、铃声下载等业务经营活动时，不得进行（　　）。,欺诈订制,有偿服务,手机代收费,无偿服务,A
当您发现因短信欺诈订制被扣除信息费时，可以向相关电信运营企业投诉；投诉未果，可进一步向（　　）申诉。,信息产业部或各地电信用户申诉受理中心（12300）,中国通信企业协会,中国互联网协会,消费者协会,A
如果您发现自己被手机短信或互联网站上的信息诈骗后，应当及时向（　　）报案，以查处诈骗者，挽回经济损失。,消费者协会,电信监管机构,公安机关,通信管理局,C
你收到一条尾号是“95588”的陌生号码发来的短信，说你的电子银行密码器已过期，需登陆提示网站进行操作，下列做法不正确的是（　　）。,点击短信的网站链接，按照提示在手机操作“升级”；,置之不理，删除短信,报警或向银行部门官方电话咨询求证，发现诈骗网站，向国家网络不良与垃圾信息举报受理中心（www.12321.com)举报；,向家人或朋友咨询短信真伪,A
以下不属于利用人们恐上、贪欲、疏忽心理诈骗的是。,冒充上级要求受害人汇款,低价卖黑车类,炒股、贷款引诱类,声称受害人亲属须急救诈骗,D
行为人已将诈骗财物用于清偿债务或者转让给他人，（　　）不予追缴。,对方明知是诈骗财物而收取的,对方无偿取得诈骗财物的,他人善意取得诈骗财物的,对方以明显低于市场的价格取得诈骗财物的,Ｃ
如被骗钱款后能准确记住诈骗的银行卡账号，则可以通过拨打（　　）银联中心客服电话的人工服务台，查清该诈骗账号的开户银行和开户地点.,95516,95522,95566,95511,A
168理财网至今为止最高收益是（　　）。,18.00%,14%,13%,13.60%,A
168理财是跟哪家第三方支付机构合作？（　　）。,支付宝,网银在线,快钱支付,汇付天下,D
168理财网是什么时候上线的？,2013年12月29号,2014年12月31号,2013年12月30号,2013年12月31号,C
在168理财网投资如何收费？,收益的10%,收益的8%,收益的15%,投资不收取任何费用,D
如何在168理财网进行投资？,注册成为168理财网用户即可投资，即可点击网站“我要投资”选择理财项目进行投资,注册成为168理财网用户，并进行实名认证，开通汇付天下账号后，即可点击网站“我要投资”选择理财项目进行投资,进入168理财网即可点击网站“我要投资”选择理财项目进行投资,注册成为168理财网用户，并进行实名认证后即可投资,B
在168理财网投资成功后，如果我急需用钱，是否可以撤出投资项目？,不可以,可以,按情况而定,没有正确选项,A
168理财网上是否可以与投资人、借款人进行联系？,可以,不可以,按情况而定,没有正确选项,B
168理财网如何进行提现？,点击“我的账户”，进入“资金管理”下的“我要提现”，再进入“钱管家”绑定银行卡，即可进行提现。,点击“我的账户”，进入“资金管理”下的“我要充值”，即可进行提现,点击“我的账户”，进入“投资记录”，即可进行提现,点击“我的账户”，进入“资金记录”，即可进行提现,A
168理财网提现是否需要绑定银行卡？,需要,不需要,可以绑定也可以不绑定,没有正确选项,A
168理财网提现费用是多少？,7元/笔,5元/笔,1元/笔,8元/笔,C
168理财网充值费用是多少？,7元/笔,5元/笔,2元/笔,168理财网为投资者垫付充值手续费，投资者充值投资免手续费,D
168理财网充值是否支持信用卡充值？,支持,不支持,看银行而定,没有正确选项,B
168理财网如何进行充值？,点击“我要借款”，即可进行充值。,点击“我的账户”，进入“资金管理”下的“我要提现”，再进入“钱管家”绑定银行卡，即可进行充值。,点击“我的账户”，进入“资金管理”下的“我要充值”，即可进行充值,点击“我要投资”，即可进行充值。,C
168理财网如何认证邮箱、手机号、身份证？,在168理财网上“我的账户”--认证管理中对手机、邮箱、身份信息进行认证,在168理财网“首页”进行信息认证,在168理财网“安全保障”页进行信息认证,在168理财网“帮助中心”页进行信息认证,A
168理财网如何开通汇付天下？,在168理财网“首页”进行汇付天下账号绑定,在168理财网上"我的账户"-汇付天下中，即可进行汇付天下账号绑定,在168理财网“安全保障”页进行汇付天下账号绑定,在168理财网“帮助中心”页汇付天下账号绑定,B
168理财网为什么要开通汇付天下？,为了投资,为了借款, 168理财网实行资金托管机制，委托第三方资金托管机构――汇付天下对用户账户进行资金管理。,为了了解168理财网,C
168理财网 如何绑定银行卡?,168理财网上“我的账户”页即可绑定银行卡,168理财网上“我要借款”页即可绑定银行卡,168理财网上“我要投资”页即可绑定银行卡,168理财网上“我的账户”页，我要提现中进入“钱管家”绑定,D
168理财网能否绑定他人的银行卡?,可以,可以，且可任意绑定, 168理财网上只能绑定与实名认证相同身份的银行卡,不需要绑卡,C
168理财网每天几点发布新标？,工作日10:00、15:00、19:00发布新投资项目，周末随机,工作日随机,工作日10:00、15:00发布新投资项目,周末10:00、15:00发布新投资项目,A
168理财网的投资标的是否都有担保？,都有,都没有,都有，抵押、质押、连带保证、保证金等形式,以上选项都不正确,C
什么是按月付息？,采用每月支付利息，到期全额还本的计算方式,采用银行房贷等通用的"等额本息还款法"，即借款者每月以相等的金额偿还贷款本息。,采用到期一次还本付息的方式,没有正确选项,A
168理财网以什么还款方式为主？,按月付息到期还款,按月付息,等额本息,到期还款,B
168理财网上实名认证信息填写错误怎么办？,168理财网修改,联系客服,找汇付,以上都不正确,B
汇付天下与168理财网的关系是？, 汇付天下是168理财网合作伙伴，是第三方支付公司及资金托管方, 汇付天下是168理财网合作伙伴，是担保公司, 汇付天下和168理财网没有关系, 汇付天下是168理财网旗下公司,A
168理财网的投资流程是？,注册--投资,注册--手机、身份认证--充值--投资,注册--手机、身份认证--开通汇付天下--充值--投资,注册--开通汇付天下--充值--投资,C
168理财网申请提现后何时到账？,168理财网在收到投资人提现申请后的当天或下一个工作日进行审核，审核通过可立即到账,168理财网在收到投资人立即审核，审核通过后次日12―15点之间到账（周五需在17:30以前、节假日顺延）,168理财网在收到投资人提现申请后的当天（当天17:30前申请）或下一个工作日（当天17:30后申请）进行审核，审核通过后次日12―15点之间到账（周五需在17:30以前、节假日顺延）,168理财网提现申请后即可到账,C
168理财网与中金在线网站有什么关系？,没有关系,168理财网(www.168p2p.com)是中金在线网络股份有限公司倾力打造的网络投融资平台，是中金在线旗下网站。,168理财网和中金在线是合作伙伴关系,中金在线是168理财网旗下公司,B
168理财网的网址是？,www.168p2p.com,www.168licai.com,www.168.cn,www.licai.cn,A
168理财网的客服电话是？,4008888366-2,400-8888-367,400-8888-368,400-8888-369,A
168理财网的公司邮箱是?,168@cnfol.net,licai@cnfol.net,168licai@cnfol.net,168licai@.net,C
168理财网的有开通微信吗？,没有,有,不确定,没有正确选项,B
168理财网的有开通微博吗？,不确定,没有,有,没有正确选项,C
以下168理财网的热线服务时间的正确的是（　　）。,周一至周日：8:30-11:30，12:00-17:30,周一至周五：9:00-12:00，13:00-17:30,周一至周五：8:30-17:30,周一至周日：9:00-12:00,B
以下解释属于“助业贷”的是（　　）。,“助业贷”是指经营稳健的工商业主以其名下房产为抵押，担保机构进行100%本息担保的安全理财项目。,“助业贷”是中金在线旗下168理财网与全国各行业加盟连锁品牌企业联合推出的一款优质理财产品。投资者投资的资金将用于各企业加盟商的资金周转，品牌企业对其旗下的加盟商进行严格的审核后推荐至168理财网，并对推荐的借款提供100%本息担保,“助业贷”是中金在线旗下168理财网与海峡文化产权交易所联合推出的以收藏品为质押的优质理财项目。,没有正确选项,B
以下解释属于“藏品贷"的是（　　）。,“藏品贷"是中金在线旗下168理财网与海峡文化产权交易所联合推出的以收藏品为质押的优质理财项目。,“藏品贷"是中金在线旗下168理财网与全国各行业加盟连锁品牌企业联合推出的一款优质理财产品。投资者投资的资金将用于各企业加盟商的资金周转，品牌企业对其旗下的加盟商进行严格的审核后推荐至168理财网，并对推荐的借款提供100%本息担保,“藏品贷"是指经营稳健的工商业主以其名下房产为抵押，担保机构进行100%本息担保的安全理财项目。,没有正确选项,A
以下解释属于"房押贷"的是？,"""房押贷""是中金在线旗下168理财网与海峡文化产权交易所联合推出的以收藏品为质押的优质理财项目。","""房押贷""是中金在线旗下168理财网与福州佳信艺术品评估有限公司联合推出的一项艺术品质押借款产品。专为收藏爱好者量身定制的最便捷融资方式，简单操作，藏品无需变卖，现金轻松到手","""房押贷""是指经营稳健的工商业主以其名下房产为抵押，担保机构进行100%本息担保的安全理财项目。",没有正确选项,C
鲜花圈子手机网的地址是（　　）。,http://3g.g.cnfol.com/,http://4g.g.cnfol.com/,http://5g.g.cnfol.com/,http://q.3g.cnfol.com/,D
可以在（　　）以鲜花提问的方式向圈主提问？,圈子直播室,中金在线首页,私信,站内信,A
VIP圈子是哪家网站创建的？,中金在线,证券之星,同花顺,东方财富网,A
VIP圈子采用虚拟金币的方式进行购买加入，10金币等于多少人民币？,10元,100元,50元,1元,D
VIP圈子价格最高不超过多少金币？,1000金币,3000金币,5000金币,10000金币,D
VIP圈子到期前几天会发站内信提示续费？,三天,四天,五天,六天,A
VIP圈子采用包月形式购买，最少需要购买多久才能加入？,一个月,三个月,十二个月,二十四个月,A
VIP圈子相比传统博客的优势是（　　）。,看直播无需刷新,有声音提示,能够选择排列方式,以上都对,D
VIP圈子每逢（　　）和春节，将给所有购买圈子用户延期。,元旦,国庆,中秋,端午,B
中金在线客服电话是（　　）。,4008888366,4008888666,4008888555,4008888777,A
VIP圈子最长可以购买多少个月?,6个月,12个月,18个月,24个月,D
在（　　）处能够查看到加入VIP圈子后剩余的未到期时间。,我加入的VIP圈子,我的圈子,曾经加入的圈子,我关注的圈子,A
知名博主“股海指南针”坚持怎样的12字炒股方针？,分散布局长线股，大波段操作,分散布局短线股，大波段操作,分散布局长线股，小波段操作,分散布局短线股，小波段操作,A
中金哪个圈主独创《趋势线相交引发变盘》和《农历节气与股市关联》？,股海指南针,操盘手10年,狗蛋,天赢居,D
哪个圈主是中金在线公开操作收益第一人？,股海红狼,股海牧童,股海豹子,股海求生,C
那个圈主应用分时图技术把握买卖点，个股操作准确率在90%以上？,天赢居,股海豹子,操盘手十年,会飞的小毛驴,C
中金哪个圈主示范账户持股明细每天公布，操作都会在当天的大盘直播中同步给出操作提示？,天赢居,天津股侠,叶开,呈点,D
哪个APP可以查看圈子直播内容？,问股票,中金财经,168理财,中金圈子,D
中金圈子APP是什么时候上线？,2012年,2013年,2014年,2015年,C
中金在线客服QQ是（　　）。,4008888366,4008888666,4008888555,4008888777,A
网页版VIP圈子地址是（）。,http://blog.cnfol.com/,http://www.cnfol.com/,http://vip.g.cnfol.com/,http://g.cnfol.com/,C
网页版圈子地址是（）。,http://blog.cnfol.com/,http://www.cnfol.com/,http://vip.g.cnfol.com/,http://g.cnfol.com/,D
中金哪个圈主擅长大势分析，波段操作稳健？,波段之子,呈点,天赢居,天津股侠,A
中金哪个圈主2015年实盘赚38倍？,天赢居,天津股侠,林荫大道123,呈点,C
中金哪个圈主最擅长捕捉烈性黑马中的龙头？,展锋,呈点,天津股侠,木头玩股,D
中金在线总部位于哪个城市？,北京,上海,福州,深圳,C
截至目前，中金在线举办过几届财经博客排行榜？,5,6,7,8,D
固定收益信托产品由谁监管?,工商局,银监会,银监会,保监会,B
在下列机构中，不符合中国证监会关于首次公开发行股票询价对象规定条件的是？,证券公司,财务公司,合格境外机构投资者,租赁公司,D
下列哪种风险不是封闭式基金面临的风险？,市场风险,管理能力风险,技术风险,巨额赎回风险,D
龙债券的投资者主要来自于（　　）。,北美洲,欧洲,亚洲,南美洲,C
在锁定下跌风险的同时力争有机会获得潜在的高回报为目标的基金是（　　）。,分级基金,保本基金,收入型基金,平衡型基金,B
以下哪种风险不属于系统风险？,政策风险,经济周期波动风险,利率风险,信用风险,D
证券公司及其从业人员的欺诈客户的行为不包括（　　）。,单独或者合谋，集中资金优势、持股优势或者利用信息优势联合或者连续买卖，操纵证券交易价格或者数量,违背客户的委托为其买卖证券,不在规定的时间内向客户提供交易的书面确认文件,挪用客户所委托买卖的证券或者客户账户上的资金,A
上市公司信息披露应遵循什么原则？,完整原则,公开原则,诚实信用原则,审慎原则,A
中国证监会按照（　　）的授权和依照相关法律法规对证券市场进行集中、统一监管。,全国人大,国务院,全国人大常务委员会,中国人民银行,B
在本国募集资金并投资于本国证券市场的证券投资基金是（　　）。,全球基金,国际基金,离岸基金,在岸基金,D
中国证券市场逐步规范化，其中发行制度的发展（　　）。,始终是审批制,由审批制到核准制,始终是核准制,由核准制到审批制,B
证券投资基金在中国被称为（　　）。,共同基金,单位信托基金,证券投资信托基金,以上都不是,C
我国第一只上市交易的投资基金是（　　）。,武汉证券投资基金,深圳南山风险投资基金,淄博乡镇企业基金,建业基金,C
证券是各类记载并代表一定权益的（　　）。,书面凭证,收入凭证,法律凭证,资本凭证,C
中国人民银行在哪里成立？,北京,上海,石家庄,深圳,C
在各种保险中，哪一种最能体现分配职能？,商业保险,政策保险,社会保险,财产保险,C
共同基金是下列哪个国家或地区对证券投资基金的称谓？,中国,英国,美国,中国香港,C
我国国库券转让市场的全面放开是在哪一年？,1985,1987,1988,1990,D
全球第一个货币市场投资基金成立于哪一年？,1958年,1960年,1971年,1988年,C
在下列几种股票价格中，道氏理论认为最为重要的是（　　）。,开盘价,收盘价,全天最高价,全天最低,B
金融市场分为初级市场和二级市场，这是根据金融市场的（　　）划分的。,交易的对象,交易的性质,交易的期限,交易的时间,B
债券按计息方式有多种分法，其中按一定期限将所生利息加入本金再计算利息，这种债券叫（　　）。,单利债券,复利债券,贴现债券,累进利率债券,D
全球第一个公司型开放式投资基金是（　　）。,英国“海外及殖民地政府信”,富来明创立的“苏格兰美国投资信”,波士顿“马萨诸塞投资信基金”,麦哲伦基金,C
银行源于意大利语Banco（Banco原意为板凳），因此早期银行家被称为（　　）。,“坐长板凳的人”,“银行家”,“资本家”,“老板”,A
我国的中央银行是（　　）。,中国人民银行,中国银行,中信实业银行,华夏银行,A
由中国人创办的第一家证券交易所是哪一年在北京成立的北平证券交易所？,1918,1928,1938,1948,A
国债是以国家信用为担保发行的债券，它比股票风险小，比存款利率高，同时利息又不征收利息税，因此国债又称为（　　）。,银边债券,金边债券,流通债券,金融债券,B
小额担保贷款的授权额度通常在多少万元左右？,2,3,5,6,C
再贴现的票据行为发生在（　　）。,企业与商业银行之间,商业银行之间,企业之间,商业银行与中央银行之间,D
证券从业人员禁止的行为是（　　）。,接受投资人和客户的委托，提供证券投资咨询服务,以获取投机利益为目的，利用职务之便从事证券买卖活动,接受客户委托，按规定的标准收取各项费用 ,举办有关证券投资咨询服务的讲座、报告会、分析会 ,B
金融风险管理的第二阶段是（　　）。,识别阶段,衡量与评估阶段,处理阶段,实施阶段,B
狭义的信用风险是指银行信用风险，也就是由于（　　）主观违约或客观上还款出现困难，而给放款银行带来本息损失的风险。,放款人,借款人,银行,经纪人,B
为了解决一笔贷款从贷前调查到贷后检查完全由一个信贷员负责而导致的决策失误或以权谋私问题，我国银行都开始实行（　　）制度，以降低信贷风险。,五级分类,理事会,公司治理,审贷分离,D
证券承销的信用风险主要表现为，在证券承销完成之后，证券的（　　）不按时向证券公司支付承销费用，给证券公司带来相应的损失。,管理人,受托人,代理人,发行人,D
（　　） ，又称为会计风险，是指对财务报表会计处理，将功能货币转为记账货币时，因汇率变动而蒙受账面损失的可能性。,交易风险,折算风险,汇率风险,经济风险,B
一般认为，1997年我国成功避开了亚洲金融危机的主要原因是我国当时没有开放（　　）。,经常账户,资本账户,非贸易账户,长期资本账户,B
网络银行业务技术风险管理主要应密切注意两个渠道：首先是（　　）；其次是应用系统的设计。,数据传输和身份认证,上网人数和心理,国家管制程度,网络黑客的水平,A
广义的保险公司风险管理，涵盖保险公司经营活动的一切方面和环节，既包括产品设计、展业、理赔、核保和（　　）等环节。,咨询,清算,核赔,折算,C
以下哪个不是余额宝所面临的风险？,货币市场风险,与银行竞争风险,纠纷风险,利率风险,D
基金管理人作为专门（　　）的机构，只有在接受基金持有人委托的条件下，才能从业基金资金的管理动作。,专家理财,专业理财,个人理财,代客理财,D
证券投资基金通过集中社会各方面（　　）资金并组合投资于证券市场来为基金持有人争取满意的投资回报。,短期性,中长期,流动性,长期性,D
（　　）是基金资产的名义持有人和保管人。,基金管理人,基金托管人,基金持有人,基金管理公司,B
目前我国基金设立实行的基本管理模式是（　　）。,审批制,注册制,审批制或注册制,校准制,A
（　　）是基金持有人和基金管理人基金托管人之间的契约。,基金契约,招募说明书,托管协议,发起人协议,A
目前我国证券投资基金发行主要采取（　　）方式。,直接发售,柜台销售,网下私募,上网发行,D
开放式基金成立初期，可以在基金契约和招募说明书中规定的期限内只接受，不办理赎回，但该期限最长不得超过（　　）个月。,1,2,3,4,C
封闭式基金发起设立后，在（　　）便可上市。,2年后,1年后,3个月后,1到3个月内,D
开放式基金可以收取申购，但申购费率不得超过申购金额的（　　），申购费用可以在基金申购时收取，也可以在赎回时从赎回金额中扣除。,1%,3%,5%,7%,C
目前，基金交易价格的变化单位为（　　）元。,1,0.01,0.001,0.1,C
我国对封闭式基金的交收实行（　　）制度。,T+1,T+2,T+3,T+7,A
开放式基金价格的主要决定因素是（　　）。,市场供求关系,市场存款利率,基金单位净值,基金单位面值,C
基金持有人获取收益和承担风险的原则是（　　）。,收益保底，超额分成,利益共享，风险共担,按“先进先出法”实现收益和风险,获取无风险收益 ,B
下列关于“守法合规”要求的说法正确的是（　　）。,遵守法律法规,遵守行业自律规范,遵守所在机构的规章制度,以上都应遵守,D
以下不属于储蓄存款业务的业务类型的是（　　）。,个人通知存款业务,整存零取业务,单位协定存款业务,教育储蓄存款业务,C
下列选项中，不属于银行业金融机构的重组方式的是（　　）。,增资发行,购买与承接,合并,兼并收购,A
我国中央银行货币政策的首要目标是（　　）。,经济增长,充分就业,物价稳定,国际收支平衡,C
规范银行自律组织的法律法规是（　　）。,《银行业从业人员职业操守》,《银行业协会工作指引》,《银行业监督管理法》,《中国银行业自律公约》,B
下列不属于银监会负责监管的非银行金融机构是（　　）。,金融资产管理公司,货币经纪公司,基金管理公司,金融租赁公司,C
不属于银行清算业务中常见的清算模式的是（　　）。,定额批量清算,全额清算,净额批量清算,大额资金转账系统清算,A
在向客户推荐产品或提供服务时，不属于银行业从业人员应当提示的风险的是（　　）。,系统风险,法律风险,政策风险,市场风险,A
银行业从业人员的下列行为中，不符合“熟知业务”有关规定的是（　　）。,熟知向客户推荐的产品,银行产品部门向客户经理介绍产品时未提及风险，客户经理也没有主动了解产品风险,熟知与自身岗位相关的有关法规,熟知业务处理流程,B
实际利率是指（　　）。,随市场规律自由变化的利率,无息债券当前的到期收益率,随市场利率的变化而定期调整的利率,扣除通货膨胀影响以后的利率,D
中国银行全国统一客服热线是多少？,95566,95577,95588,95599,A
中国银行全国信用卡服务热线是多少？,4006695566,4006695577,4006695588,4006695599,A
以下哪个不是中国银行电话服务功能？,银券服务,代收代付,疑难账务查询,金融信息查询,C
中国银行免费的服务电话是多少？,8008205255,8008205266,8008205277,8008205288,D
如何申请中国银行电话银行服务？,持个人有效身份证,持家庭户口本,持个人社保卡,持个人驾驶证,A
下列哪个是中国工商银行发行的信用卡？,长城国际卓隽卡,牡丹信用卡,蓉城信用卡,银行公务卡,B
中国农业银行成立的时间是什么时候？,1950,1951,1952,1953,B
中国建设银行的英文缩写是什么？,ABC,CDC,CBC,CEC,C
信用卡交易消费通过（　　）的方式可以获得积分。,转账交易,取现交易,网上交易,商场购物,D
办理信用卡需要提交的材料是（　　）？,学生证,身份证明文件,行驶证,社保卡,B
当遇到银行霸王条款时进行维权，以下哪种行为不可取？,向该银行上级领导投诉,向该银行金融机构投诉,向银监部门投诉,与银行工作人员争吵,D
交通银行白金卡年费什么时候收取？,第一个账单日收取,第二个账单日收取,第三个账单日收取,第四个账单日收取,A 
招商银行全国统一客服热线是多少？,95533,95555,95555,95119,C
招商银行全国信用卡服务热线是多少？,400-820-5555,400-820-5533,400-820-8820,400-851-7517,A
以下哪个不是招行电话银行提供的自动语音服务？,转账服务,银证转账,疑难账务查询,外汇买卖,C
中国光大银行股份有限公司（光大银行）是什么时候成立的？,1989年,1990年,1991年,1992年,D
中国工商银行的英文缩写是（）。,CCB,ICBC,CMBC,CEB,B
申请交通信用卡需要多长时间?,4-7个工作日,5-8个工作日,6-9个工作日,7-10个工作日,D
手持交通银行卡的客户，如遇到问题，应该拨打以下哪个电话号码进行咨询？,95558,95559,99519,95533,B
想办理浦发银行储蓄卡口头挂失，应该拨打以下哪个电话号码？,95668,95528,95553,95538,B
拨打兴业银行客服热线95561，无法办理以下哪种业务？,信用卡挂失,信用卡积分查询与兑换,信用卡办理,信用卡账单查询,C
人在美国，想要咨询中行信用卡的账单详情，应该拨打以下哪个电话号码？,86+区号+95561,86+区号+95533,86+区号+95566,86+区号+95519,C
得利宝--稳添利系列具有什么特点？,保障本金,风险较低,预期收益率有市场竞争力,以上都有,D
下列措施中（　　）属于互联网银行的重要监管法规。,《电子银行业务管理办法》,《银行业金融机构规定》,《网上银行业务现行规定》,《银行业务监管法规》,A
虚拟货币应按照（　　）计算缴纳个人所得税。,个人所得税转让,个人收入转让,财产转让所得,个人所得税所得,C
商业银行的高级管理层不包括(　　)。 ,行长,副行长,部门经理,财务负责人,C
商业银行的“三性”目标不包括(　　)。,公益性目标,安全性目标,效益性目标,流动性目标,A
外资银行营业性机构不包括（　　）。 ,外商独资银行,中外合资银行,外国银行分行,外国银行代表处,D
非法吸收公众存款罪侵犯的客体是（　　）。 ,国家的货币管理制度,国家的银行管理制度,国家对金融票证的管理制度,国家的金融市场管理秩序制度,B
中国农业银行得以恢复是在（　　）。 ,1949年初,1958年初,1979年初,1984年初,C
银行业是一个高度依赖负债经营的行业，声誉是银行的生命线，(　　)是银行业从业人员的立身之本。  ,守法合规,专业胜任,品行正直,勤勉尽职,C
目前，我国银行最安全和最具流动性的中长期投资品种是(　　)。 ,金融债,国债,企业债,中央银行票据,B
以下哪一项不构成经济结构对商业银行的影响?,国民经济的增长速度,国民经济的增长质量,国民经济增长的可持续性,是否出现顺差,D
冻结单位存款的期限是（　　）。 ,一般为l年,在1年以内,不超过6个月,在6个月到1年之间,C
个人外汇账户按账户性质区分为(　　)。 ,外汇结算账户、资本项目账户、外汇储蓄账户,个人外汇账户、外汇结算账户、资本项目账户,境内个人外汇账户、境外个人外汇账户,外汇储蓄账户、资本项目账户、个人外汇账户 ,A
在商业银行的借款业务中期限一年以下的借款形式是（　　）。,可转换债券,混合资本债券,证券回购协议,次级金融债券,C
金融犯罪侵犯的客体是(　　)。 ,金融法规,金融管理秩序,金融机构,金融市场,B
银行客户经理给客户推荐产品时，不必熟知及详细解释的知识是（　　）。,产品的特点,产品的风险,产品的有效期,产品的设计过程,D
银行在进行外汇交易时，什么情况下使用现钞买入价？ ,买入外国纸币,买入外国可自由兑换的汇票,卖出外国纸币,卖出外国可自由兑换的汇票,A
银行业从业人员尽可能为残疾人提供便利，这种做法（　　）。 ,符合公平对待的原则,违反公平对待的原则,符合了解客户的原则,违反了解客白的原则,A
教育储蓄存款的起存金额为(　　)。 ,10元 ,50元,1000元,1万元,B
下列选项中，不属于银行信用风险的是(　　)。 ,信用质量发生变化,交易对手未能履行合同,外部欺诈,债务人未能履行合同,C
下列选项中的行为符合银行从业人员礼物收、送规则的是（　　）。 ,向主管部门领导私下赠送l0000元现金,自掏腰包购买一套黄金首饰作为客户的生日礼物,向客户免费提供某超市的购物卡,一张美容院的优惠券,D
中国银行业协会的最高权力机构的执行机构是（　　）。 ,会员大会,理事会,常务理事会,专业委员会,B
下列关于贷款诈骗罪区别于骗取贷款罪的重要特征的说法，错误的是（　　）。 ,是否给银行业金融机构造成重大损失,是否以非法占有为目的,犯罪主体有所不同,两罪的最高法定刑不同,A
(　　)于2002年在上海证券交易所上市。 ,中国银行,招商银行,中国工商银行,深圳发展银行,B
在银团贷款的主要成员中，(　　)负责接受借款人的委托、策划组织银团并安排贷款分销。 ,参加行,牵头行,副牵头行,代理行,B
下列关于信用证支付方式的主要特点的描述，错误的是（　　）。 ,信用证是一项独立文件,开证申请人是信用证第一付款人,开证行是信用证第一付款人,信用证业务处理的是单据,C
在我国，公司债的监督管理主体是（　　）。 ,中国银行监督管理委员会,国家发展与改革委员会,中国证券监督管理委员会,中国人民银行,C
我国于(　　)年正式开展对商业银行贴现票据的再贴现。 ,1978,1984,1986,1996,C
下列行为中，违反银行业从业人员职业操守“监督规避”的是（　　）。 ,暗示客户可能伪造合同获得贷款,报告客户违反了法律禁止性规定,按照法律规定办理业务,正确理解法律禁止性规定,A
根据《刑法》的有关规定，下列行为属于诈骗银行贷款的是(　　)。 ,某企业以高利率向职工借款，用于公司经营,某企业与银行协商，企业缩短还款期限，提前还款，从银行取得相对较低的利率,某企业由于资金周转困难，与银行协商延长还款期限,某企业将价值100万元的厂房抵押给银行获取了100万元贷款，此后，该企业先后两次将该厂房抵押给其他银行获取相同数额的贷款 ,D
下列不属于银行国家风险的是(　　)。 ,政治风险,经济风险,社会风险,法律风险,D
下列哪项不属于自助银行的设备功能？,银行卡取款,账户查询,历史交易查询,公交刷卡,D
以下哪项不属于自助设备诈骗形式？,取款键盘设障,出钞故障,制造吞卡假象,张贴虚假告示,B
下列哪项不是银行的基本业务？,储蓄业务,贷款业务,刷卡消费,银行卡,C
银行动态口令的密码有几位？,6位,7位,8位,9位,A
动态口令牌的有效期有多长？,出厂后两年,出厂后三年,出厂后四年,出厂后五年,C
银行自助设备不包括以下哪项？,ATM,柜台,自动存款机,CRS,B
端正服务态度是做好银行客户服务的（　　）。,目标,基础,核心,态度,B
客户投诉的目的不包括以下哪项？,得到重视,热情接待,获得优质服务,骗取赔偿,D
活期存款起存金额是多少？,1元,5元,10元,15元,A 
免息还款期最长是几天？,55天,56天,57天,58天,B
免息还款期短是几天？,25天,26天,27天,28天,A
平安银行的缩写是（　　）。,PAB,PBA,CEB,DDC,A
800-820-8788是哪家银行的客服热线？,交通银行,工商银行,浦发银行,平安银行,C
动态口令连续输错几次(单日或多日累计)，系统将自动锁定该动态口令牌？,5,7,8,10,D
以下哪家银行取现有积分？,华夏银行,交通银行,兴业银行,农业银行,C
以下哪家银行取现没有积分？,兴业银行,民生银行,中信银行,浦发银行,B
以下哪家银行提供失卡保障？,农业银行,兴业银行,中信银行,广发银行,D
以下哪家银行不提供失卡保障？,华夏银行,中国银行,招商银行,光大银行,B
保本基金的赎回费比较高，一般投资一年以内的赎回费率为（　　）。,4%,3%,2%,1%,C
保本基金投资的期限一般比较长，持有的时间最好是（　　）。,4年以上,3年以上,2年以上,1年以上,D
金融期货和金融期权等金融衍生工具与金融工具结合后以营利为目的的金融基金叫做（　　）。,对冲基金,契约型基金,公司型基金,投资基金,A
在一国境内设立，经该国有关部门批准从事境外证券市场的股票、债券等有价证券业务的证券投资基金叫做（　　）。,QFII,QDII,ETF基金,对冲基金,B
基于认股权证有高杠杆、高风险的产品特性，（　　）的波动幅度亦较股票型基金为大。,认股权证基金,ETF基金,货币市场基金,契约型基金,A
和成长型基金、收入型基金相比，平衡型基金的风险和收益状况（　　）。,更高,更低,介于二者之间,一样,C
货币市场基金主要投资于货币市场上的（　　）有价证券。,长期,中长期,中期,短期,D
债券型基金绝大多数以（　　）基金型态发行，并采取不分配收益方式，合法节税。,封闭式,开放式,契约,货币,B
基金运营费用主要包括管理费、托管费、其它费用等，这些费用直接从（　　）中扣除。,佣金,基金资产,申购费,赎回费,B
开放式基金在收益分配时发生银行转账或其它手续费用，由（　　）承担。,基金公司,投资人,基金托管人,基金管理人,B
我国规定证券投资基金（　　）为证券公司、信托投资公司及基金管理公司。,发起人,托管人,管理人,持有人,A
（　　）正式登陆新三板，成为第一家在全国股转系统挂牌的公募基金。,易方达基金,中邮创业基金,招商基金,广发基金,B
以有限责任公司或者合伙企业形式设立的私募基金的投资者人数不得超过（　　）人。,5,20,50,100,C
私募投资基金个人投资者投资于单只私募基金的金额不低于（　　）万元。,20,50,100,50,C
上市开放式基金的英文缩写是（　　）。,QDII,ETF,PE,LOF,D
私募股权投资简称（　　）。,IE,PE,QE,QDII,B
私募股权投资期限为（　　）。,5―8年,1―3年,8―10年,2―7年,A
私募基金起源于（　　）。,英国,德国,美国,法国,C
阳光私募基金，相比公募基金，收益相对（　　）。,更低,非常高,一样,更高,D
阳光私募基金固定管理费用很少，一般为（　　）。,0.05%,0.25%,0.50%,0.75%,B
（　　）是最大的私募股权管理公司。,高盛公司,贝莱德,麦格理集团,世邦魏理仕全球投资集团,A
余额宝的本质是（　　）。,货币基金,股票型基金,保险产品,第三方支付产品,A
阿里巴巴旗下的余额宝是与哪家基金公司合作的？,长盛基金,天弘基金,易方达基金,汇添富基金,B
定投宝，是银河中证腾安价值100指数发起式基金的简称，它是银河基金公司的产品，本质是一款指数基金，投资跟踪的指数是中证腾安价值100指数，该指数是由（　　）、济安金信公司、中证指数公司合作开发的。,腾讯,百度,阿里巴巴,168理财网,A
定投宝投资门槛类似于货币基金，购买金额（　　）起，且进出无任何手续费用。,1000元,500元,100元,10元,D
（　　）跟踪的指数是“中证腾安价值100指数”。,收益宝,余额宝,定投宝,零钱宝,C
（　　）是互联网金融中第一个涉及证券基金投资的理财产品。,收益宝,定投宝,余额宝,零钱宝,B
以下哪个不是余额宝的产品特点（　　）。,网上消费购物,支付宝转账,本质上是货币基金,买卖股票,D
周一将资金转入余额宝后，收益将在何时产生？ ,周一,周二,周三,周四,C
一个余额宝账户一天最多可操作（　　）次转出至银行卡。,1,2,3,4,C
使用余额宝服务不需要什么条件？,股票账户,年满18周岁,中华人民共和国大陆居民,支付宝账号,A
余额宝中显示的收益是哪一天的？,当天,前一天,第二天,前两天,B
“余额宝用户专享权益2期”产品的本质是（　　）。,股票型基金,保险产品,货币基金,银行理财,B
余额宝转入转出需要的手续费为（　　）。,无需手续费,每笔5元,每笔按转入转出金额的1%收取,每笔2元,A
“不会取缔余额宝，对余额宝等金融业务的监管政策会更加完善”这句话是下列哪位人物说的？,易纲,潘功胜,周小川,钮文新,C
余额宝是和哪家基金公司合作的？,长盛基金,天弘基金,富国基金,华夏基金,B
以下哪个产品可买卖股票？,金信宝,余额宝,零钱宝,易付宝,A
被称为“美国版余额宝”的是以下哪款产品？,PayPal,Easyline,Apple,Qpal,A
2014年5月份以来，余额宝收益率不断下滑，最主要的原因在于（　　）。,自身灵活性差,过度依赖银行,用户多为80~90后,用户体验差,B
余额宝用户主要人群为（　　）。,商业人士,80~90后,老年人,家庭主妇,B
余额宝的客服电话为（　　）。,95188,12315,12580,95588,A
以下哪种方式无法把钱转入余额宝？,支付宝账户余额支付,储蓄卡,储蓄卡快捷支付,信用卡,D
微信理财通的安全性没有体现在（　　）。,技术保障  ,安全机制,赔付支持,对接货币基金,D
微信理财通的上线日期为（　　）。,2014年2月15日,2014年3月15日,2014年1月15日,2014年4月15日,C
微信理财通是由以下哪个公司推出的？,阿里巴巴,腾讯,百度,中金在线,B
赎回微信理财通内的金额，最快能多少天到账？,当天,1天,2天,3天,A
第十二届全国人民代表大会第二次会议中，互联网金融（　　）写入两会政府工作报告。,第二次,首次,第四次,第三次,B
泉州市互联网金融研究中心设立于（　　）。,泉州高新区科技金融服务中心,泉州清蒙工业区,泉州中心工业区,泉州火炬工业区,A
2014年3月5日，什么被首次写入政府工作报告？,互联网营销,互联网金融,互联网理财,互联网信息管理,B
互联网金融发展最大的阻碍在于（　　）。,网络安全,体质改革,有效监管,服务准则,C
什么会议首次提出“发展普惠金融”？,十八届三中全会,中国互联网金融大会,互联网金融投资大会,十二届人大二次会议,A
实现普惠金融的途径是进行金融体系创新，包括（　　）。,制度创新,机构创新,营销创新,产品创新和科技创新,C
以下选项除了哪一项，都是实现普惠金融的制度保障？,在法律和监管政策方面提供适当空间,构建灵活、富有针对性与弹性的监管体系,允许新建小额信贷机构的发展，鼓励传统金融机构开展小额信贷业务,加强社会信用体系建设,B
中国人民银行牵头组建的中国互联网金融协会是几级协会？,一级,二级,三级,四级,A
成立中国互联网金融协会的主要作用是（　　）。,充分发挥行业自律管理,助于各领域改革创新,加强互联网金融的信用体系,互联网金融安全健康发展,A
首批第三方支付牌照出炉，标志着什么？,强化网络监管已成趋势 - 新华国际 - 新华网,互联网法律法规逐步完善,移动互联网时代大融合,互联网与金融开始结合,D
几家公司获得了央行2011年5月18日签发的首批第三方支付牌照？,26,27,28,29,B
以下哪项不是互联网金融健康发展需要衡量的？,效益和安全,创新和风险,竞争和公平,发展与监管,C
首届金融高峰论坛在哪举行？,福州,武夷山,厦门,泉州,B
下列不属于ATM功能的是（   ）。,查询,转账,取现,存款,D
我国第一家银行是（   ）。,中国银行,中信银行,中国通商银行,中国交通银行,C
我国银行电子化建设第一阶段实现了（   ）。,传统业务处理电子化,开发出大量新的自助银行服务项目,为客户提供金融信息增值服务,开展网上银行业务,A
银行电子化的现代化技术手段不包括（   ）。,计算机技术,通信技术,网络技术,材料技术,D
信息技术和（   ）的引入，开始了银行电子化的发展历程。,通信技术,网络技术,科学技术,材料技术,A
1952年美国加利福尼亚州（   ）率先发行银行信用卡，标志着电子货币的诞生。,摩根大通公司,国泰银行,华美银行,富兰克林国民银行,D
电子银行业务产生和发展的内部动因是（   ）。,银行电子化 ,电子货币的产生,因特网和电子商务的兴起,经济、金融全球化期间的金融业务转型,D
（   ）为电子银行业务产生创造了外部条件。,银行电子化,电子货币的产生,金融业务转型,因特网的出现和电子商务的兴起,D
电子银行业务和传统柜面服务的最大区别是（   ）。,技术手段先进,安全性高,业务种类多,客户自助服务,D
个人网上银行理财金卡自助添加下挂卡及账户的类型有：（   ）。,活期存折,定期一本通,信用卡、贷记卡或国际卡 ,灵通卡, C 
个人网上银行业务提供（   ）客户身份确认方式。,客户证书,客户证书方式和密码方式 ,网上银行登录密码方式,网上银行登录和支付密码方式 , B
网上银行是一种新型的（   ），也可以理解为互联网上的虚拟银行柜台。,金融产品,服务渠道,理财产品,结算方式,B
全球第一家网上银行是美国“安全第一网上银行”，于（   ）成立。 ,1994年10月,1995年10月,1994年5月,1998年5月,B
96336电话银行（　　）用于登录电话银行及查询账户，（　　）在资金划转时使用。,交易密码    客户密码 ,客户密码    交易密码,交易密码    交易密码,客户密码    客户密码,B
96336电话银行不具有（   ）功能。,自助循环贷款还款 ,跨行转账,电费代缴,账户口头挂失,C
支付服务系统主要指银行与（　　）之间的支付结算系统。,客户,银行,人民银行,第三方支付系统,A
中国最大的银行卡清算组织是（　　）。,中国建设银行,中国银联,中国快钱,中国银行,B
（   ）是目前世界上最大的信用卡、旅游支票组织。,VISA,万事达,运通公司,大莱信用卡公司,A
国际银行金融通讯协会的简称是（　　）。,SWIFT,CHIPS,CNAPS,CNFN,A
（　　）是电子银行营运过程中面对的主要风险。,操作风险 ,安全风险,法律风险,战略风险,A
电子银行安全技术包括安全检测、防范技术和（　　）。,防火墙技术 ,应用层安全技术,身份认证技术,数据加密技术,B
（　　）是我国第一部信息化法律。,合同法,电子签名法,电子银行业务管理办法,商业银行法,B
电子银行安全与传统银行安全的主要区别点是（　　）。,数据安全,软件安全,硬件安全,人才安全,A
以下哪个选项不是电子商务的形式？,B2C,T2T,C2B,B2B,B
B2C是一种（　　）。,企业与企业之间的电子商务,企业与消费者之间的电子商务,消费者与消费者之间的电子商务,企业与政府之间的电子商务,B
电子商务常缩写为（　　），它是指采用网络技术实现数据的交换，从而完成整个的商业交易过程。,EDI,PC ,EC,BC,C
自助银行又称“无人银行”或者（　　）。,普通银行,流动银行,便利银行,电子银行,D
网上银行又称网络银行、在线银行或者（　　）。,科技银行,便捷银行,电脑银行,网络银行,D
下面哪个不是网上银行服务的优势？,快捷、高效、可靠,全面实现无纸化交易,经营成本高,简单易用,C
以下哪个选项不是信息化金融机构？,阿里巴巴,证券,保险,银行,A
信息化金融机构的特点是（　　）。,无风险，安全可靠,金融服务更加高效便捷,资源整合能力更为强大,金融创新产品更加丰富,A
以下哪个选项不是金融创新产品？,余额宝,微信银行,信用卡管家,Q币,D
金融机构信息化已经经过了（　　）多年的发展。,20,30,40,50,A
证券业最早应用信息技术的是（　　）。,证券公司,证券交易所,证券协会,证监会,B
哪一年上海证券交易所通过计算机进行了第一笔交易？,1990,1996,1999,2002,A
网银查询密码由几位组成的？,4,6,8,10,B
金融机构平台经济实质是（　　）、信息化、网络化三大趋势的集大成者。,安全化,可视化,全球化,个性化,C
对于信息化金融机构来说，通过（　　），更好的实现包括客户资源、硬件资源和人力资源的共享及整合，同时可以精简人员，削减物理网点，降低经营成本，提高经营效率来增强竞争力。,混业经营,单业经营,直销经营,代理经营,A
金融业（　　），是指银行、证券公司、保险公司、信托公司等金融机构在业务上相互融合、渗透与交叉。,单业经营,混业经营,直销经营,代理经营,B
保险业信息化发展的起步阶段是（　　）。,20世纪80年代到90年代初,20世纪90年代中后期,20世纪90年代末期,21世纪初,A
哪一年深圳证券交易所复合系统正式启用？,1992,1996,2000,2002,A
对于信息化金融机构来说，需要将互联网平台开放、协作、（　　）的精神融入到金融机构的业务创新中。,独立,单一,分享,互利,C
以下哪一个不是信息化金融机构发展趋势？,服务机构虚拟化,服务对象单一化,金融机构平台化,金融服务个性化,B
从风险控制角度来看，通过金融机构平台占有的社会资源越（　　），抗风险的能力就越（　　）。,少、强,多、强,多、弱,多、一般,B
金融机构平台化通过不断增加参与者规模并且逐渐改进、完善平台（　　）来为参与者带来更多价值，最终完成平台自身的增值。,商业模式,混合模式,独立模式,双向模式,A
以下不属于大数据的特性的是（　　）。,大量,高速,多样,模糊,D
大数据金融企业之间的竞争不包括以下哪个？,对数据的采集多少的鉴别,数据真伪性的鉴别,数据分析,个性化服务,A
互联网技术从深层次具体化的角度解读以下说法不正确的是？,大数据,P2P,人人组织网络,三面市场,D
以下不属于大数据金融特征的是（　　）。,基于大数据的风险管理理念和工具,信息不对称性大大降低,低效率性,金融企业服务边界扩大,C
金融业大数据9大趋势不包括哪一个？,市场数据集变得越来越庞大,新的监管和合规要求更强调治理和风险汇报,金融机构不断完善自身的企业风险管理框架,利用各种服务交付渠道的海量客户数据，不会开发新的预测分析模型,D
金融服务场景所谓“3A”不包括以下哪个？,Anywhere,Anytime,Anybody,Anyhow,C
以下不属于大数据最重要的三大思维变革的是（　　）。,不是随机样本，而是全数据,不是精确性，而是混杂性,不是大量搜素，而是模糊抽取,不是因果，而是相关性,C
征信企业投资大、见效慢，建立前期需要采集数据、管理数据、分析数据，回报期是多久？,4～6年,5～7年,6～8年,7～9年,B
在云技术中，（　　）乃最基本、最核心的组成部份。,虚拟化,数字化,集成化,大众化 ,A
大数据是技术进步的产物，而其中的关键是（　　）的进步。,科技,文化,政治,云技术,D
2010年，全球数字规模首次达到了（　　）级别。,AB,TB,ZB,GB,B
强大的（　　）能力可以将金融业务做到极高的效率，交易成本也会大幅降低。 ,控制,数据分析,技术,效率,B
基于大数据技术，金融从业人员（　　）服务对象会更多。,公司,社团,个体,社会,C
基于（　　），单个金融企业从业人员会有减少的趋势，或至少其市场人员有降低的趋势。,互联网技术,云技术,医学技术,大数据技术,D
大数据金融将（　　）呈现和线下消费者体验相互融合，以满足金融消费者不同需求。,网络化,虚拟化,大众化,同质化,A
大数据金融的（　　）及扩展的服务边界，使金融服务的对象和范围也大大扩展，金融服务也更接地气。,便捷性,技术性,通用性,高效率性,D
通过（　　）呈现的金融产品，对消费者而言，是可控、可受的。,网络化,虚拟化,大众化,同质化,A
所谓互联网金融只是（　　）的一种展现或形态。,传统金融,大数据金融,线下金融,落地金融,B
新三板上市需要公司依法设立且存续（存在并持续）几年？,一年,两年,三年,四年,B
新三板企业审核制度现为（　　）。,审核制,备案制,核准制,以上都不对,A
新三板首家证券投资咨询公司是？,钱坤投资,天信投资,宁波海顺,科德投资,B
目前新三板挂牌公司大约有多少家？,3000多家,4000多家,5000多家,6000多家,C
以下哪个选项不是新三板股票交易可采用的制度？,协议转让,大宗交易,连续竞价,做市商,B
新三板股票交易的涨跌幅限制是多少？,5%,7%,10%,无限制,D
全国股转系统首批指数于何时发布？,2014年3月18日,2014年5月18日,2015年3月18日,2015年5月18日,C
全国股转系统指数编制工作于何时正式启动？,2014年3月,2014年5月,2015年3月,2015年5月,A
新三板首批指数以何时为基期？,2013年12月31日,2014年1月1日,2014年12月31日,2015年1月1日,C
新三板首批指数的基点是多少？,500点,1000点,1500点,2000点,B
新三板交易单笔申报数量上限为（　　）。,10万股,20万股,50万股,100万股,D
新三板上市对于股东数量的要求是（　　）。,大于100人,大于200人,大于300人,无限制,D
新三板是由哪个机构监管？,证监会,上交所,深交所,银监会,A
以下不属于新三板挂牌的特点的是（　　）。,挂牌时间短,融资效率高,交易制度多元化,费用较高,D
新三板运营机构的全称是什么？,新三板有限责任公司,全国中小企业股份转让系统有限责任公司,新三板证券交易有限责任公司,以上都不是,B
中金在线互联网金融中心成立于哪一年？,2013年,2014年,2015年,2016年,C
福建省互联网金融协会在什么时候成立？,2015年12月23日,2014年12月23日,2015年12月22日,2014年12月22日,A
,,,,,
,,,,,
,,,,,
,,,,,
,,,,,
,,,,,
,,,,,
,,,,,
,,,,,
,,,,,
,,,,,
,,,,,
,,,,,
,,,,,
,,,,,
,,,,,
,,,,,
,,,,,
,,,,,
,,,,,
,,,,,
